Game Date,Home Team,Away Team,Win Probability,Prediction
2024-08-31,NYY,STL,0.5,Pick: STL
2024-08-31,WSH,CHC,0.63,Pick: WSH
2024-08-31,TB,SD,0.45021838210808796,Pick: SD
2024-08-31,DET,BOS,0.75,Pick: DET
2024-08-31,CLE,PIT,0.4931594939718004,Pick: PIT
2024-08-31,TEX,OAK,0.43,Pick: OAK
2024-08-31,MIN,TOR,0.42540746753246755,Pick: TOR
2024-08-31,HOU,KC,0.48,Pick: KC
2024-08-31,CWS,NYM,0.52,Pick: CWS
2024-08-31,PHI,ATL,0.61,Pick: PHI
2024-08-31,CIN,MIL,0.42,Pick: MIL
2024-08-31,COL,BAL,0.54,Pick: COL
2024-08-31,ARI,LAD,0.45,Pick: LAD
2024-08-31,SF,MIA,0.59,Pick: SF
2024-08-31,LAA,SEA,0.35,Pick: SEA
